A0,A1,A2,A3,A4,A5,A6,A7,A8,A9,Time,Type
1,2,3,4,5,6,7,8,9,10,0.00183789996663,merge
1,2,3,4,5,6,7,8,9,10,0.00314509996679,merge
1,2,3,4,5,6,7,8,9,10,0.00485949998256,merge
1,2,3,4,5,6,7,8,9,10,0.00544019998051,merge
1,2,3,4,5,6,7,8,9,10,0.00708759995177,merge
1,2,3,4,5,6,7,8,9,10,0.00847489997977,merge
1,2,3,4,5,6,7,8,9,10,0.01096449996112,merge
1,2,3,4,5,6,7,8,9,10,0.01200769998832,merge
1,2,3,4,5,6,7,8,9,10,0.01282819994958,merge
1,2,3,4,5,6,7,8,9,10,0.01284349994967,merge
