A0,A1,A2,A3,A4,A5,A6,A7,A8,A9,Time,Type
1,2,3,4,5,6,7,8,9,10,0.00197400001343,merge
1,2,3,4,5,6,7,8,9,10,0.00369750004029,merge
1,2,3,4,5,6,7,8,9,10,0.00650840002345,merge
1,2,3,4,5,6,7,8,9,10,0.00706020003418,merge
1,2,3,4,5,6,7,8,9,10,0.00863290001871,merge
1,2,3,4,5,6,7,8,9,10,0.00989700003993,merge
1,2,3,4,5,6,7,8,9,10,0.01252160000149,merge
1,2,3,4,5,6,7,8,9,10,0.01354140002513,merge
1,2,3,4,5,6,7,8,9,10,0.01442950003548,merge
1,2,3,4,5,6,7,8,9,10,0.01444440003252,merge
