A0,A1,A2,A3,A4,A5,A6,A7,A8,A9,Time,Type
1,2,3,4,5,6,7,8,9,10,0.00286429998232,merge
1,2,3,4,5,6,7,8,9,10,0.00722500000848,merge
1,2,3,4,5,6,7,8,9,10,0.01207559998147,merge
1,2,3,4,5,6,7,8,9,10,0.01355259999400,merge
1,2,3,4,5,6,7,8,9,10,0.01944539998658,merge
1,2,3,4,5,6,7,8,9,10,0.02445700002136,merge
1,2,3,4,5,6,7,8,9,10,0.02938020002330,merge
1,2,3,4,5,6,7,8,9,10,0.03060940001160,merge
1,2,3,4,5,6,7,8,9,10,0.03219559998251,merge
1,2,3,4,5,6,7,8,9,10,0.03223050001543,merge
