A0,A1,A2,A3,A4,A5,A6,A7,A8,A9,Time,Type
1,3,4,6,2,7,8,9,10,5,0.00001670001075,bubble
1,3,4,2,6,7,8,9,10,5,0.00121240003500,bubble
1,3,4,2,6,7,8,9,5,10,0.00132459995802,bubble
1,3,2,4,6,7,8,9,5,10,0.00141649995930,bubble
1,3,2,4,6,7,8,5,9,10,0.00153150002006,bubble
1,2,3,4,6,7,8,5,9,10,0.00162899994757,bubble
1,2,3,4,6,7,5,8,9,10,0.00172800000291,bubble
1,2,3,4,6,5,7,8,9,10,0.00181859999429,bubble
1,2,3,4,5,6,7,8,9,10,0.00190549995750,bubble
