A0,A1,A2,A3,A4,A5,A6,A7,A8,A9,Time,Type
1,2,3,4,5,6,7,8,9,10,0.00131510000210,merge
1,2,3,4,5,6,7,8,9,10,0.00266370002646,merge
1,2,3,4,5,6,7,8,9,10,0.00456139998278,merge
1,2,3,4,5,6,7,8,9,10,0.00537600001553,merge
1,2,3,4,5,6,7,8,9,10,0.00779499998316,merge
1,2,3,4,5,6,7,8,9,10,0.01004500000272,merge
1,2,3,4,5,6,7,8,9,10,0.01286930002971,merge
1,2,3,4,5,6,7,8,9,10,0.01388699997915,merge
1,2,3,4,5,6,7,8,9,10,0.01475390000269,merge
1,2,3,4,5,6,7,8,9,10,0.01477030001115,merge
